Folio,Screening,CLT iniciado,HUT_FOLIO,Código 1,Código 2,Código 3,Resultado migración
NAV-001,PASSED,NO,HUT-001,JQN8,8V3B,MYHC,MIGRAR
NAV-004,PASSED,NO,HUT-004,B3M3,M929,UAW7,MIGRAR
NAV-005,PASSED,NO,HUT-005,GFTU,PBEK,AX64,MIGRAR
NAV-007,PASSED,NO,HUT-007,2SNX,MBUQ,MWB8,MIGRAR
NAV-008,PASSED,NO,HUT-008,MACA,G7K2,V8P3,MIGRAR
NAV-009,PASSED,NO,,FD9Y,FKRY,G3W2,MIGRAR
NAV-010,PASSED,NO,,VM2P,UTS4,8ZB6,MIGRAR
NAV-011,PASSED,NO,HUT-011,38FQ,FW2F,JSEC,MIGRAR
NAV-012,PASSED,NO,HUT-012,JGTB,HYWE,G9RR,MIGRAR
NAV-013,PASSED,NO,HUT-013,EKPE,VF88,BQUN,MIGRAR
NAV-014,PASSED,NO,HUT-014,NX6E,8VHF,K8Y3,MIGRAR
NAV-015,PASSED,NO,HUT-015,AUHH,6PP2,W2UQ,MIGRAR
NAV-016,PASSED,NO,HUT-016,QPUP,M4TK,78TV,MIGRAR
NAV-017,PASSED,NO,HUT-017,XRXR,P33D,H8Z2,MIGRAR
NAV-018,PASSED,NO,HUT-018,AH3G,287H,SCJ3,MIGRAR
NAV-019,PASSED,NO,HUT-019,ECNK,FHBZ,C8PA,MIGRAR
NAV-020,PASSED,NO,HUT-020,G3GZ,D2UG,QU2R,MIGRAR
NAV-021,PASSED,NO,HUT-021,PDC7,MTMV,7AJR,MIGRAR
NAV-022,PASSED,NO,HUT-022,ETZJ,7ERY,AVVS,MIGRAR
NAV-023,PASSED,NO,HUT-023,HW2U,T8MG,38VJ,MIGRAR
NAV-024,PASSED,NO,HUT-024,TMUG,SHYB,ST97,MIGRAR
NAV-025,PASSED,NO,HUT-025,37NC,2JZ8,368V,MIGRAR
NAV-026,PASSED,NO,HUT-026,CT9S,W7BA,HEQR,MIGRAR
NAV-027,PASSED,NO,HUT-027,VN7H,YTRW,7QW8,MIGRAR
NAV-028,PASSED,NO,HUT-028,KXSS,GMYW,2M2S,MIGRAR
NAV-029,PASSED,NO,HUT-029,87HV,8GN8,CPMG,MIGRAR
NAV-030,PASSED,NO,HUT-030,6J3G,KXVF,48KJ,MIGRAR
NAV-031,PASSED,NO,HUT-031,3RMN,Z739,3SUR,MIGRAR
NAV-032,PASSED,NO,HUT-032,K3JB,MWQU,K4GZ,MIGRAR
NAV-033,PASSED,NO,HUT-033,GQTS,DKGB,ZBW3,MIGRAR
NAV-034,PASSED,NO,HUT-034,F44G,F48G,X9SK,MIGRAR
NAV-035,PASSED,NO,HUT-035,2KRF,V7DY,6SMF,MIGRAR
NAV-036,PASSED,NO,HUT-036,EQZX,X3HS,826T,MIGRAR
NAV-037,PASSED,NO,HUT-037,8M4S,N6EG,UM8C,MIGRAR
NAV-038,PASSED,NO,HUT-038,BS24,KDJH,8VYE,MIGRAR
NAV-039,PASSED,NO,HUT-039,PAKC,EZ4B,SY6V,MIGRAR
NAV-040,PASSED,NO,HUT-040,UGXJ,BN7U,UBVT,MIGRAR
NAV-042,PASSED,NO,HUT-042,6STK,QTHP,3DUP,MIGRAR
NAV-043,PASSED,NO,HUT-043,FYC8,7MPY,AG26,MIGRAR
NAV-044,PASSED,NO,HUT-044,RMVK,NMVQ,UKCU,MIGRAR
NAV-045,PASSED,NO,HUT-045,CT4B,JDTX,N8B9,MIGRAR
NAV-046,PASSED,NO,HUT-046,NFBS,RTTN,USDR,MIGRAR
NAV-047,PASSED,NO,HUT-047,XSW6,87Q4,BY9Y,MIGRAR
NAV-048,PASSED,NO,HUT-048,NUU7,2PPB,AM3U,MIGRAR
NAV-049,PASSED,NO,HUT-049,VUG8,3K2N,3G76,MIGRAR
NAV-050,PASSED,NO,HUT-050,GS68,C36F,SXPT,MIGRAR
NAV-051,PASSED,NO,HUT-051,VFAM,UJRC,WS8H,MIGRAR
NAV-052,PASSED,NO,HUT-052,9VEG,7JH3,QVX4,MIGRAR
NAV-053,PASSED,NO,,BRH4,MEXP,DSQJ,MIGRAR
NAV-054,PASSED,NO,HUT-054,KRNV,8MZK,Q2E7,MIGRAR
NAV-055,PASSED,NO,HUT-055,EGHS,2WK2,2U6W,MIGRAR
NAV-056,PASSED,NO,HUT-056,GQKQ,GZBE,9BTN,MIGRAR
NAV-057,PASSED,NO,HUT-057,WEGE,9NRJ,PSY2,MIGRAR
NAV-058,PASSED,NO,,SFDU,QPFT,TQ4G,MIGRAR
NAV-059,PASSED,NO,HUT-059,RWQ4,HTH7,RNB8,MIGRAR
NAV-060,PASSED,NO,HUT-060,2NUU,9QPH,9VQZ,MIGRAR
NAV-061,PASSED,NO,HUT-061,J4XC,3J33,W3V7,MIGRAR
NAV-062,PASSED,NO,HUT-062,T493,Q3NY,J9MB,MIGRAR
NAV-064,PASSED,NO,HUT-064,P8TX,J7KP,EBFW,MIGRAR
NAV-065,PASSED,NO,HUT-065,7G8T,8DR9,T7QH,MIGRAR
NAV-066,PASSED,NO,HUT-066,XQY2,HHC3,E88H,MIGRAR
NAV-067,PASSED,NO,HUT-067,GVTV,CMS4,6ZKG,MIGRAR
NAV-068,PASSED,NO,HUT-068,NJ2N,AKPV,R8CJ,MIGRAR
NAV-069,PASSED,NO,HUT-069,AZRM,2MTA,JKSJ,MIGRAR
NAV-070,PASSED,NO,HUT-070,P4C2,ZEZD,XYJ8,MIGRAR
NAV-071,PASSED,NO,HUT-071,6C7B,GXSH,6CTQ,MIGRAR
NAV-072,PASSED,NO,HUT-072,B3PU,Y2CT,TX7D,MIGRAR
NAV-073,PASSED,NO,HUT-073,ZQT7,QF44,BD7N,MIGRAR
NAV-074,PASSED,NO,HUT-074,4USK,M2KW,VYAZ,MIGRAR
NAV-075,PASSED,NO,HUT-075,XUW4,33KK,9E2J,MIGRAR
NAV-076,PASSED,NO,HUT-076,3JCP,F2W4,7CA2,MIGRAR
NAV-077,PASSED,NO,HUT-077,DBK6,NKDF,87TE,MIGRAR
NAV-079,PASSED,NO,HUT-079,Y8SW,JYCR,8CUH,MIGRAR
NAV-080,PASSED,NO,HUT-080,7N7Z,NZSH,MCKX,MIGRAR
NAV-081,PASSED,NO,HUT-081,PDS9,K749,M9Z4,MIGRAR
NAV-082,PASSED,NO,HUT-082,GG4X,C6WN,XSJS,MIGRAR
NAV-083,PASSED,NO,HUT-083,SGA6,4ATP,N9GF,MIGRAR
NAV-084,PASSED,NO,HUT-084,C423,9FYB,8SJB,MIGRAR
NAV-085,PASSED,NO,HUT-085,3PMX,2WYZ,ETK3,MIGRAR
NAV-086,PASSED,NO,HUT-086,EQCG,XABE,VBGB,MIGRAR
NAV-087,PASSED,NO,HUT-087,XWUQ,WJRP,7PQK,MIGRAR
NAV-088,PASSED,NO,HUT-088,V7GG,PCKW,SE7R,MIGRAR
NAV-089,PASSED,NO,HUT-089,SEGZ,SVXG,Y9BU,MIGRAR
NAV-091,PASSED,NO,HUT-091,CK9Y,EQW4,98RF,MIGRAR
NAV-092,PASSED,NO,HUT-092,JYBT,QYDG,YE43,MIGRAR
NAV-093,PASSED,NO,HUT-093,R82D,KUZC,UDNQ,MIGRAR
NAV-094,PASSED,NO,HUT-094,A97P,CP92,MRFR,MIGRAR
NAV-095,PASSED,NO,HUT-095,9QFJ,TEZ3,REN7,MIGRAR
NAV-096,PASSED,NO,HUT-096,ESQW,2U8P,8982,MIGRAR
NAV-097,PASSED,NO,HUT-097,B9ZQ,DQSY,AC7N,MIGRAR
NAV-099,PASSED,NO,HUT-099,MMGM,6VTE,FJVH,MIGRAR
NAV-101,PASSED,NO,HUT-101,JVMB,KCHX,XKW4,MIGRAR
NAV-102,PASSED,NO,HUT-102,TUYX,SPBZ,HBWX,MIGRAR
NAV-112,PASSED,NO,HUT-112,3ADJ,26NZ,EMXS,MIGRAR
NAV-113,PASSED,NO,HUT-113,AFSG,NEZ4,FR4C,MIGRAR
NAV-116,PASSED,NO,HUT-116,ZKWM,QGVQ,77TN,MIGRAR
NAV-118,PASSED,NO,HUT-118,YYB8,GB8F,KZY3,MIGRAR
NAV-126,PASSED,NO,HUT-126,BG7J,J4T9,VEDV,MIGRAR
NAV-132,PASSED,NO,HUT-132,CJMZ,HZC3,TGJY,MIGRAR
NAV-133,PASSED,NO,HUT-133,6FTG,QH3C,6HSG,MIGRAR
NAV-143,PASSED,NO,HUT-143,MHW9,QB7V,Z9DV,MIGRAR